elephant_id,n_calls,mean_f0_mean,mean_f0_std,std_f0_mean,std_f0_std,f0_range_mean,f0_range_std,f0_slope_mean,f0_slope_std,mean_f1_mean,mean_f1_std,mean_f2_mean,mean_f2_std,mean_f3_mean,mean_f3_std,duration_mean,duration_std,attack_time_mean,attack_time_std,temporal_centroid_mean,temporal_centroid_std,rms_energy_mean,rms_energy_std,mean_hnr_mean,mean_hnr_std,spectral_flatness_mean,spectral_flatness_std,spectral_centroid_mean,spectral_centroid_std,spectral_bandwidth_mean,spectral_bandwidth_std,spectral_rolloff_mean,spectral_rolloff_std,mfcc_1_mean,mfcc_1_std,mfcc_2_mean,mfcc_2_std,mfcc_3_mean,mfcc_3_std,mfcc_4_mean,mfcc_4_std
Rumble-Roar-Rumble,24,45.75084764165271,22.107237793840014,20.508835760463274,10.150266688522265,65.1157140104843,28.247106252640236,0.018390353297015216,0.1882736477646419,88.09435486446579,11.45460453463952,134.32969414116286,12.521848400346117,178.25330354343524,21.401647508285578,3.008861678004535,0.659878271729947,1.9154869732615267,0.5335414622757269,1.5411062791584245,0.31833250134567165,0.06900507723912597,0.029238909499037746,7.322592695189296,3.712143243112392,3.10391520201847e-05,2.0313238721296813e-05,428.80670202533975,136.85393479890712,1506.30212014623,351.0419670880819,262.55973567166325,161.27160704918273,-228.0574779510498,51.14662918658278,188.01461474100748,28.68580055460269,20.42048517862956,52.680693697581134,-75.23472150166829,51.17228540636503
Squelch,9,3.943343910074137,4.477305711562002,0.5129461116640187,0.6541714972328261,1.3082634969810583,1.682759643220858,0.029312718402992172,0.05333771724585898,82.51439960006822,4.0493768750370664,137.36930897818908,9.239560450138319,199.373518486887,17.4815993766092,3.1712592592592594,0.5016764433101188,2.058127314814815,0.7306915381896181,1.6945361594137334,0.2519663675347687,0.06948460969660017,0.01692470729448136,1.464938536228181,1.8682276958703297,2.3048447196237652e-05,1.2342449560240027e-05,249.60027492993518,63.4986979882452,1413.344722326466,209.23342574446875,127.77996829631024,25.02725489861828,-221.822757297092,23.280363885713825,178.5296664767795,19.638739148203115,99.92848120795355,5.256753807474126,27.247246275345486,15.313691530043501
Bow-Neck-Charge,12,8.147077744194469,6.493514450064087,2.8280278367784195,3.515936707950337,9.456046821868378,12.914139572006036,-0.04386110434384777,0.09279534075362515,81.99490054411191,4.2248260005365506,132.53819815046265,5.720194024768701,185.72221148449304,5.894273201614179,4.273777777777778,1.3808250172976524,1.5682916666666664,0.9521847856535476,2.0257652392945458,0.7356208283576794,0.08077312167733908,0.01769814504704839,0.875975592388845,0.7123836247175707,1.236488128597557e-05,7.214069860195849e-06,217.80584543518304,76.35591244353165,1208.0598257897182,289.41102188516794,129.21317083545136,16.601138954751267,-192.10172271728516,36.67242897691901,202.64853286743164,18.053634214593224,101.1779276529948,9.53373997304015,12.764235059420267,23.83242554572618
Estrous-Walk,5,8.651260023322791,2.5560154533090276,3.660176689710602,4.0199075993593345,22.0281495354542,34.761229756437174,-0.026530996341169132,0.04594628561962689,86.38716114985229,1.2906512750386012,142.71890087693117,0.9978657053999986,206.160268442813,5.081822941554795,2.5829333333333335,0.23326612365374533,1.1381416666666666,0.44611339614746187,1.2160677378494598,0.18355913781288138,0.07587100043892861,0.036995474326632305,0.27854165588012364,1.132771127011159,5.107033439344378e-06,2.5166513034424197e-06,178.63417079214838,52.45490258259632,1205.135681032942,215.2288805143607,92.98439398759199,12.87029106457221,-223.5209930419922,40.827549498719165,182.69597473144532,21.70111179656904,97.44720458984375,6.1716103698318365,24.155382347106933,7.564512500757035
Guiding,5,6.276987930996309,5.915041609499623,1.2193593756328256,1.8097065908217589,2.7093477406450868,3.9403954658122604,-0.04214278969704885,0.16837998631949652,80.29961928167427,2.955483917848397,131.43977803419406,6.010393574801054,185.49219843597416,11.366120411908494,3.6794666666666664,0.5700193213099594,1.5778583333333336,0.7111587216131072,1.8308126967092508,0.38331598993081895,0.09650039225816727,0.023579131358094987,-0.34088170491666914,1.6070670954290014,1.6118107123475055e-05,4.77242233752039e-06,182.32484276279752,30.142483188333554,1090.987272699626,163.68071092871665,132.44400271610442,8.099851510495279,-185.2132537841797,29.187718318509056,206.8227569580078,21.47564604750544,109.08951873779297,3.945151910560474,22.47548747062683,12.667292473527125
Charge,34,31.0000812557396,18.68852425977394,16.70670132344336,12.362663697827823,44.43572223427616,32.106892665419814,0.03496974143748335,0.852543256283127,77.92565179960161,9.712066765245911,127.55660994646993,24.68668609849241,172.26328174282827,28.714060760820647,3.715294117647059,1.7444411577093955,1.8833498774509803,1.3435068438970181,1.84782075567759,0.8935680192062099,0.06579373952220469,0.04486967071341096,2.2735575493355333,4.683162561169727,0.004856124819664341,0.01413134227131571,354.684831857594,179.51349779263515,1541.450155834394,344.788499984149,321.25161782758164,354.0285392810351,-236.20034475887522,46.45259503830784,210.21283116060144,31.72591338527199,88.09818121966194,15.541718920681081,-14.78913201304043,29.98661819513356
Rumble-Roar,43,21.064325996480775,3.467412021163547,5.336665690901528,4.161124610039849,20.937186653762634,20.805324375712125,-0.006532415399736765,0.06662802910595257,85.1208687308871,4.6331998069099045,133.14932477905467,6.996641636307957,175.79984885857857,13.94381054199627,3.7830613299583407,1.2863930533799288,1.4200927529926701,0.7017657071100557,1.7368869623783103,0.4896300607238346,0.06638673658287803,0.037207870783264346,3.526910485880287,1.75733983850694,3.070856266361282e-05,2.6107716633145444e-05,202.47841729397416,36.4229735572784,918.8826011232418,175.62662685678148,198.69515955150712,28.181829137505055,-189.19879398789516,44.22630130294247,253.98807472406432,26.83707811854939,64.86314063848451,14.250566965543525,-54.677612326865976,23.989141252743423
Cry-Rumble,11,9.527295386909179,10.653773826847367,0.5140903691144062,0.8390161267419629,2.0397786293411544,3.3293452977794926,-0.0099498305145832,0.016408590720946428,76.88307062697851,3.290690372474531,123.80413337942083,4.805471237034734,174.42275901677272,11.637620060594017,3.2562498453927025,0.932373495560144,1.3657114254792826,0.6621990455655157,1.5639991415489276,0.5002660239147004,0.06877757016230714,0.04025728479850329,1.4644712677582854,1.394000068772781,0.00041778017051993544,0.0012351436422430601,384.34488142711996,180.6294178934378,1611.0656388543503,533.9684593404551,294.39232605651097,202.30479601283437,-230.58226984197444,61.93093098489873,218.55324068936434,21.9334208449435,91.21277340975675,12.41134161185207,-11.90901955691251,21.981426012820858
Bonding-Rumble,4,25.954442082165876,9.847883841827981,19.81867351639125,8.785605734707126,55.459634700754634,24.057816201147677,-0.1337074522014364,0.14893843495172185,82.70935352569268,1.1020458522636885,123.40971934392721,2.0275140591002296,159.3049074271107,2.480742908501637,3.9296870748299315,0.43677728658307796,1.6828840702947847,0.481135405365501,1.9598273750775306,0.275732208268285,0.10638458747416735,0.03671223814334443,8.078850095902355,1.3098590120373983,1.535994033474708e-05,6.645524075341042e-06,263.71861090503364,55.67957070382012,1093.172845654686,255.42489641315413,189.1149373724465,10.28464631517217,-168.01164054870605,31.120945208979265,217.32133865356445,15.705844214507831,50.236473083496094,9.25357137494507,-72.15908432006836,8.478808618750511
Lets-Go-Rumble,24,16.60466950545578,13.690864169694999,6.263199127609494,7.358772558101201,19.328546322897324,19.38231190347965,0.11438867441345281,0.4320341556884237,79.79604009400305,3.8816486852514545,124.20570453540712,7.2938080431384975,174.30229849259726,17.903199406095467,5.716707482993198,2.1910706753848785,3.192750318877551,2.0719061233016483,2.869207605801853,1.1087540809840681,0.06508699936481814,0.03575082092667192,2.2626003671463657,4.0529091752118145,1.567373746524936e-05,1.7955327890207336e-05,247.62877690499488,86.60207330953095,1256.0091794020288,393.7421995492843,155.30253050120143,57.7984431338561,-231.02710914611816,61.1875804386763,225.89665031433105,30.550759461609122,100.96036704381306,15.028953248697306,-4.866360207398732,31.093478187565562
Greeting-Rumble,27,21.33303158310984,9.895197889670875,8.886512353231678,8.124970374424837,26.935122177738776,23.50159721625314,-0.037601927065997486,0.08147973719050455,93.2052373530363,15.146073848411751,147.36881481330005,27.66280302934457,189.2629543654703,28.192414312962143,3.2772352397749223,0.7463384338362623,1.419605337196607,0.6398701317033436,1.5838280568020116,0.3573580561221392,0.12670559877598728,0.06481072858574893,2.4806276971894303,5.806431225266143,0.022790499333091754,0.024059843898274775,446.70189206717845,226.79200823033537,1305.5936157310305,303.22155939195176,739.2570950631375,612.3622831331922,-195.63763088650174,61.41426638756989,198.5163952862775,25.25761111855158,72.10818523830838,20.98769502823783,-26.55562878979577,32.60067474133056
Grumble-Rumble,22,10.406840009100254,7.389628435566375,3.3930525974484422,4.830781752832026,9.799022352366807,15.316195430480308,-0.028028667643206908,0.10925401151061358,79.281988658571,2.763545517885663,128.6886890309488,5.794176605562019,188.367756231169,16.965358979133928,3.877575757575757,1.1730817661695094,1.700684659090909,0.7114016146669003,1.8632038144291696,0.5175498619163953,0.058633230457251724,0.03192650285988088,1.8552306187601386,5.441820308091095,2.3396879565883534e-05,1.555924644386745e-05,308.02490950819214,91.40039439188688,1497.5861877334398,338.607044937465,160.0846902873013,34.562079651255274,-242.9646550958807,57.752004365666004,207.2641996903853,20.501805982012424,97.36528015136719,15.93726107294433,3.999402718110518,26.198486645640727
Alarmed-Trumpet,16,14.991923061583783,11.52476899744022,11.374947255283985,13.327152897553049,26.54964309272379,29.61106149545502,-0.12381968002085353,0.9096920794104213,77.09055953382652,5.144588696907521,124.39388635375516,9.566123822274143,174.63760684792274,13.802606501230015,3.8163373015873017,0.9076441539299085,1.6274506536989795,0.9457474591393127,1.7892745469687905,0.4421451747203822,0.05500768614001572,0.017646090707996293,1.4281244691765753,2.174354382033591,2.3021431232450595e-05,1.940952108950397e-05,345.25601395749476,142.00120911533455,1600.6396411392711,472.8437894861507,168.19766200571775,57.32066613114207,-235.76444816589355,46.319000310041574,212.8182487487793,21.056095703939935,94.5013484954834,12.379255655183261,-3.911028355360031,20.68277183060223
Roar,13,23.56203551650127,22.358967914950536,3.010694416020748,6.270863062729139,6.674056497475756,12.439151478093256,0.1714561884443201,0.7573743604315284,81.41746295358138,2.9652540030453585,129.41560476470264,4.927415739103236,180.62793187843934,11.814558429242584,3.2064615384615385,0.7808399328015072,1.7459919871794871,0.7710517053182638,1.6542750213846154,0.4482168892614432,0.0761381986622627,0.035454605409174264,3.477567404157698,3.06828306193833,0.0026799786700604064,0.009239762315582482,292.7906137387304,143.71453929453764,1350.2757308581122,356.5214809399183,217.55824308717308,242.65506287436182,-222.7366497333233,52.265245105575964,216.8824709378756,30.249814684181175,92.02167657705454,18.180079309003624,-9.001219886999865,31.06633288415826
Mating-Pandemonium,91,19.830519743923787,9.211784915940482,5.659652828492701,6.091660413670412,19.875763653875943,21.77613071898904,-0.020339904636953326,0.10574233088500697,82.54460814562998,8.188459138645456,134.917287624372,23.947925133995025,182.8204435716564,35.666927532746776,3.80418359871421,1.2052604500088246,1.6191766527123672,0.8798759041584148,1.8087921727055014,0.6207642268424729,0.06688219881974734,0.03522767679737983,3.0805903372648635,3.0431246142354547,0.003781593270987087,0.011823926729223807,300.2249906533049,145.25567760005612,1272.7595716830601,368.78495932803816,286.69487749759713,280.50878335154647,-235.4710451901614,65.00982591588681,215.15181405203683,41.54934778715294,86.26381146776806,18.47397473260315,-16.303320513321804,34.35250720825406
Mating,19,20.967441693850375,13.828444070654962,6.9594182142646615,8.804181971738387,20.617291558693797,22.932806727899095,0.20699015622605252,0.6026119717324528,80.67018159416402,6.367448868382469,131.63661352411896,22.99639116819105,182.60153717180785,40.932891490526565,4.801263157894736,2.533779664234495,2.133186403508772,1.5456992943033256,2.2763036100396215,1.1576847225370965,0.08165094746570838,0.03231724421842867,2.8551793814224515,2.5950699096542547,0.0021655957409261887,0.0062624381595760325,280.4237283255286,123.86146435981377,1224.2819653206557,353.63474170486774,252.37836881270104,203.64986194072586,-212.6204464561061,59.81156936932786,209.38566749974302,42.25971562420036,90.70717098838405,17.2362135000882,-9.73176168581765,35.81612916794932
Trumpet-Blast,55,35.138018590803796,23.709085536848935,11.030646398484949,12.20045605815248,29.699635022796134,29.78291183800204,-0.1455699611863173,0.5290305952726113,77.28700834769401,6.267845375394409,122.81279013086363,9.153612104065768,173.79051420515276,19.198461436661386,3.5519515151515146,1.2857215549414804,1.9061723484848487,1.0272330413931277,1.7763979024308694,0.7084972367415571,0.06567803621292115,0.041807994078375516,2.1979161596838463,3.7940759625787353,3.144846390031572e-05,2.5453014965081442e-05,319.9986714409461,142.6072168214457,1436.0162129946552,394.7543043903381,255.82474978826835,203.4814467094796,-224.50932436856357,58.45557692782579,209.88367448286576,26.375826141727988,90.14950152310458,19.070829541151234,-10.494640259851108,31.625328209815365
Conciliation,28,11.029969556924593,12.441623842165205,2.3901652359192815,4.394054684531325,5.805321831432105,10.09283306970971,-0.08432143965427653,0.24259795347307858,80.63121382866825,9.6617673618144,130.83647425948766,22.928920978334705,179.38287619923108,26.809670620919384,3.6647619047619053,1.0849445558840338,1.6533697916666665,1.0605696398138467,1.722170287352331,0.5063339643310796,0.07945553845326815,0.033081260335640086,0.5650670323020479,2.3983061997187316,0.006238530791043624,0.017360846068209312,314.88387107279897,170.87711519043216,1352.1585070747517,415.0523786785649,303.01471640327327,347.54445726754426,-208.88356508527482,41.921179998774925,221.87438556126185,46.186138112894625,96.16811997549874,13.073421608702171,-8.159162027495247,27.161094853206862
Pulsated-Trumpet,30,17.600621803136157,15.793281483624797,6.001305878212145,8.197095143810502,19.951180484019673,30.20177361567024,0.08435012651420869,0.20390721142844853,80.92288282511366,8.0141414295302,133.00289687660836,19.78676618186417,184.63391523745665,23.885780275888305,3.292622222222223,1.083084086655063,1.7124743055555554,0.8153156497157362,1.702963201040948,0.5808231330026093,0.07428133257975181,0.03020907892320565,0.7947102021710747,3.096180808872785,0.0033416261285537986,0.009026544412741573,327.6425551108087,137.99958843216498,1469.9333680763546,323.3984386170853,264.1448853561194,270.4787791464163,-218.1500259399414,49.584318003733465,203.02776234944662,27.697660963676647,92.73054580688476,11.583671005805483,-1.4790897250175477,19.670356965538783
Social-Trumpet,10,22.576249515642996,8.832489846885775,14.492245786346533,9.850748354370504,38.3873378172318,25.569405841559455,-0.0315806874873277,0.16422281557165505,81.98344695571998,3.3662176808532287,126.07014075372017,8.504385631679293,171.5127143521342,25.813044070872408,3.821333333333334,0.8168083142465079,1.6609937499999998,0.4373360612539175,1.872761725032963,0.42456607095539994,0.08947017900645733,0.03176913103386613,5.487869458605426,4.3049829701484255,2.711637903303199e-05,2.2077815907695965e-05,328.13935789772347,58.05738644126799,1363.4541427630363,182.58637703143995,225.60083491784349,85.13683364296624,-199.3938430786133,27.82771147792444,204.82592315673827,39.879435794622594,62.45047492980957,19.564282485527503,-46.88166913986206,39.84741341314817
Floppy-Running,20,16.192493585433752,16.11163881534035,4.607740771424421,5.404248364335393,14.502837418220414,18.611096561898282,-0.015825127430112024,0.07256973120934734,80.57641310895478,3.755367366080012,128.80637216479468,6.352449928861346,178.9104394371355,12.9095793464054,4.3296,2.0189559281965512,2.1492145833333334,1.7075089948505864,2.071948281172281,1.057983715205163,0.0643303394317627,0.026793221494453897,0.7434504361961244,2.29936347432143,1.0787029805214842e-05,7.454826190379928e-06,249.8747834149206,94.94811743064965,1297.3174159541954,290.24060272735636,144.13190037699286,33.762666314743626,-222.17138748168946,44.00445031066849,223.6836082458496,23.83518612774678,95.6807704925537,13.454313999345937,-9.317755329608918,27.703618558603253
Estrous-Roar,8,22.231272710425024,16.079766175730416,10.441981964536152,13.162534185319075,27.18492646274037,31.63182761585225,-0.009019046062449859,0.03723435172002625,78.05261497935348,8.059481260842773,125.5075188623081,16.156958523770456,179.3967746165357,25.845682785837855,4.69297052154195,2.1827369372993526,2.3051941964285714,1.157487877767346,2.2568764582876035,1.0521045986656763,0.10493343230336905,0.04476791972011113,5.274946300429921,4.668806977757934,1.0903964607678063e-05,4.722374418953811e-06,193.76809738328836,71.21514587186138,1028.5999235369263,357.7789321061161,136.64558002612088,33.22634690802014,-181.8340950012207,45.71992032160977,205.236234664917,39.0840133632719,94.09892463684082,9.542532980560427,1.9553638361394405,28.607021174829043
Bunching,10,13.94744544311654,14.11717626942309,6.669461142498344,10.253847351831244,16.94681390969094,25.21799561143729,-0.4700152672528414,1.1227549363651053,81.3831002642971,2.6314684562447703,127.1545664843467,3.7052671108452286,180.0320458038968,25.32842606339997,4.129733333333333,1.8437012098252559,1.3430020833333332,0.868536362893077,1.940927267115936,0.7224122628592731,0.060004797950387004,0.027236854316534734,3.261180674761493,2.9193917817903916,9.753416077273868e-06,8.452885423088635e-06,232.74890333326772,88.81557796667296,1221.0421955439888,356.34996762690366,152.58375462402137,31.65942012711424,-224.57318115234375,52.07861567417785,225.51303253173828,37.50542334678504,100.15476531982422,8.668851431936083,-5.087810039520264,31.250534743913853
Trump,3,27.630414509295274,19.696535104281754,0.6699179539625576,0.272509395549331,1.9759255544657128,0.843191380358708,0.05402373306309885,0.06269248421690893,84.98163399365411,0.6102381340405524,140.43869921447887,7.374206657486261,215.48259388685574,28.505838959288887,2.895111111111111,0.20431300122394513,1.5964166666666666,0.20391038123741734,1.4626391379106114,0.038605554745194164,0.04319081207116445,0.01609788797595467,9.046229427035803,5.7589532921307365,5.077871295119015e-05,2.454359682235421e-05,398.6999465310655,47.100154263995414,1817.2230739234892,141.59941749682582,210.6498272132619,28.841084777578285,-281.7343292236328,41.08388355944317,172.5827178955078,37.83248940286057,91.58959706624348,7.468611399866005,20.367590586344402,32.53269723428163
Musth-Rumble,4,33.82941022733094,12.479611132773515,13.052204059868288,4.739915309167921,47.52918372241891,17.92692371947604,0.03302658462666799,0.01845985591981035,79.40148662272804,1.3097663302317875,128.26066013236436,2.8878430261899473,184.3629140630722,11.580998816958157,4.643301587301588,1.7120577126630516,1.8113285501700682,0.952994759519818,1.9947503912584579,0.7904467221888544,0.08987300144508481,0.04016230569971441,2.5205003361623395,1.2124402210735212,5.89117612435075e-05,4.4740154649361387e-05,419.2242979897759,240.4699113231659,1620.6281392720625,720.0177702684381,362.0409358394462,219.76882770086297,-200.6796112060547,60.178355621856426,195.0626220703125,36.7733305103839,85.6519546508789,4.258534773234992,-3.4200587272644043,14.244794324717477
Nasal-Throb,3,2.8444000976210475,4.022589194871041,0.5574405253951981,0.7883399512302729,1.4737831505517829,2.0842441195072805,0.02840253521624833,0.04016725050859784,82.22327097576296,4.552655648335137,135.07509305802944,11.627361864504783,200.54673283807765,21.691528219515465,2.9164444444444446,0.5664614879088875,1.512201388888889,0.41437273138216674,1.4342092651171523,0.3594935468923134,0.08036208276947339,0.02787028938107493,0.9533928530408108,1.3483011030398937,2.872298576524675e-05,1.8857554179064833e-05,348.9602507485554,169.85558655493094,1641.1590586421605,354.7813333942331,196.52732884439368,129.45757491063804,-228.00768534342447,35.39814899611563,170.92245483398438,7.172216654743524,96.03642018636067,8.608226723193333,25.84265152613322,15.581580820661847
Begging-Rumble,12,15.590463687868022,12.610590219418006,2.1934293331017565,2.45546385019765,5.807370179338403,6.659171391228709,-0.004094868325954393,0.13831629345984925,90.00636393915204,13.10182801151461,153.76403644456317,35.27090366775964,209.36924182433359,27.64820202051891,3.482140589569161,1.3312780924254208,1.4047985756802726,0.6547387086559803,1.6675732228336013,0.6308354517455323,0.09996497631072998,0.04860043256306071,0.14191018226768645,2.0657273325136676,0.007029905353419963,0.012152799970137443,376.5712750495261,190.18950031956507,1458.3136737381853,279.5984798827603,427.9023911353456,483.2462503345577,-214.61151250203451,42.238859638899996,189.84924825032553,28.93647195433459,89.06805737813313,23.63531281353044,6.582778195540111,20.947040749947313
Roaring-Rumble,22,22.722236403240483,4.71832206809817,9.44530601872726,5.935810507576581,30.661509646283854,22.891563954639274,-0.20789228266507676,0.21850040255016587,83.02010953529997,2.8545981190113268,128.78392521742003,2.775124291580312,172.0134281766023,1.6198393001320919,3.313024118738404,0.4435051651850816,1.35997113997114,0.5828652906874472,1.5408185427700793,0.17425029216805635,0.10635071721943942,0.03286516660055245,2.466246176685821,1.5018652066068443,4.4842532671199564e-05,3.355756267373104e-05,282.5450362401423,37.341276750825536,1062.1385074696564,110.83340747567733,292.3568189274319,138.51317854908672,-157.87804759632456,36.901388244828446,227.9552092118697,8.108052952005238,72.64642403342508,10.181658130139049,-39.69508916681463,11.01877886577549
Blow,9,3.3385983971562805,4.721491132575489,0.42680198075070336,0.6035891496253454,1.1087122146695014,1.5679558507543194,0.03937764484982789,0.05568839940093766,83.24931043098333,0.9055147788517507,135.06325560237354,2.1371738905275355,201.30492567504558,12.448322463022231,2.521777777777778,0.3042442163951134,1.4840810185185185,0.434460978972401,1.2457714732402878,0.1626465089891639,0.06527132085627979,0.023276361364953948,1.0294730645923675,2.635897949335852,4.4067184818332964e-05,3.604073524608003e-05,309.3741287621774,88.99854108233455,1513.883944626442,264.77764795060614,187.65208235125067,51.64388584474267,-240.12934027777777,40.82923623273875,193.8973846435547,31.317748660224336,102.51979488796658,7.471715202064973,21.955133967929417,11.390662635729969
Coo-Rumble,12,10.269282625715269,5.499210322268559,2.423854279073947,4.32009017466763,7.490224534132903,13.923249680552331,-0.04339464613559204,0.08190927405237033,81.45642161762517,2.0105431798551527,130.78590160517618,4.929919165186866,184.33073763943935,12.50372101723417,3.3457777777777777,0.8898248405802011,1.6661423611111108,0.8509342550805117,1.6437106577987182,0.4560957292153236,0.08958468710382779,0.025307252580030953,3.2482976433533133,4.318326895020047,1.9220565112239758e-05,1.2866943172815472e-05,214.71458292040265,43.73625117966412,1174.8788564734994,192.632454925666,135.59106560563555,32.29283203158537,-206.3807716369629,31.49370848221168,205.6024487813314,27.68922044278759,106.94864908854167,9.560806984444657,18.707079728444416,25.082661968674188
Little-Greeting-Rumble,36,16.58037066662841,14.004542873879279,4.025151364157149,8.0132663352968,11.79241745635175,19.249657569825466,-0.015449754479700385,0.13938391819614385,79.43643878439808,3.559812530730187,125.19266844980721,6.07931141802708,173.02220974955446,13.967449291233166,3.686581002771479,1.4091297536450456,1.7563353253338372,1.3108463736677562,1.8085803276573114,0.7251578499485405,0.08503712294623256,0.049607827873024715,2.090607398085463,2.431043375283797,3.453190652180638e-05,2.5494282799494377e-05,288.27470631086123,126.58842167192154,1283.9816618486443,436.79596166483634,235.5986883898476,140.7824277050328,-218.0125486585829,56.875797541965674,227.77376174926758,25.5608054802571,98.65123642815485,14.157858224447368,-7.8290465962555675,24.52753084007256
Greeting-Ceremony,20,21.26004573100626,16.76293776058711,8.432156674282588,8.929762961860236,24.359768028148398,25.652688332955094,0.040429466218822964,0.22277444325723866,78.94221070545018,3.1213890286445736,125.7156224559262,8.562974364726008,175.24057575993257,18.788932074194943,4.429852154195011,2.241445413895448,2.3905982071995466,1.4647246006205192,2.2141615050094012,1.15737934098634,0.05825936961919069,0.035850883318613636,2.8398673326136423,3.2461773749194403,0.00041372625167923616,0.0017183438180596122,331.0683684224931,127.05085964433039,1465.7757111555115,380.3391047088517,220.61179609607524,156.31595170505219,-247.67124214172364,62.160904226927826,214.7650520324707,27.832188737076724,90.48847312927246,19.105083095796253,-11.115133428573609,34.967913066421815
Husky-Cry,11,16.586550211378015,22.338763680995516,2.5335600478727573,3.2073416834340365,8.351715303592895,11.5967550988001,0.004659041936690211,0.07930661032968518,81.3579430486012,5.559126090309693,131.60446003678717,9.830257220480116,196.55373962596332,24.579780619567458,3.6153939393939396,1.4030615141498686,1.344505681818182,0.5742294337263453,1.6537043032401522,0.5265481877936676,0.07469555566256697,0.03532550175969372,2.8957053989803554,6.6686219321767455,0.00040450690913861433,0.0011620599255127348,369.3162123375809,169.67512943361643,1544.2014061402776,424.08723208887426,319.5012660322435,262.3862563508771,-233.9911249334162,50.54510336696016,191.52144692160866,30.349577116461447,96.17177026922053,9.603366473182676,11.65504142371091,18.024918632742132
Sparring,43,7.5169591782929555,12.194504218980684,1.7232717912763291,4.042628615612855,4.550823636500377,10.065569874508626,-0.004692318075906765,0.049052118632467584,79.61724709498534,4.25776323272425,128.58847208944667,8.015857651743948,182.58828798315537,19.708558600627576,3.858480620155039,1.4604189008306798,1.4348599806201547,0.8892003832379405,1.8232806444396774,0.699150486947388,0.06749861408025026,0.030761102489315118,2.4607645050803777,3.357696514415957,2.6681649665290532e-05,3.434556464394984e-05,259.51156161087596,126.72647997923474,1310.7573097869604,357.4442812050937,196.936755042565,186.86599028692376,-224.42947813521985,51.572942288468866,218.68868415300236,35.66427485495233,97.18539668238441,15.859391647303267,-2.4791041085886403,35.38578339882467
Squeak,6,6.61622524451316,4.809083155130019,0.5675991535841002,0.778935271726037,1.523115329357748,2.061024115610194,0.027590787295066133,0.03949041167141111,84.52911937446942,1.2371940938512436,139.43139132808088,5.106340241877205,202.19800375529044,12.922064394463982,3.2844444444444445,0.5953432457388877,2.0413402777777776,0.6049521108115797,1.7171131720864192,0.3434325981167229,0.07182937674224377,0.02317334049288977,0.9198621494658982,1.6870777255778815,6.1696821849939925e-06,8.04613871829522e-06,175.20646605896263,63.84835467587762,1156.550914128713,326.7854031368585,92.02959328162011,26.930848227958016,-220.0216267903646,52.57203831572985,197.14109802246094,22.757429164914768,102.76701354980469,2.7307295973641437,22.234535574913025,18.53292810523374
Separated-Rumble,5,22.116350444710186,3.9904892223953503,4.751091235236454,2.160976899453049,15.574824678040226,4.94267862801378,0.037984555034855,0.04360356817516368,80.08833867652376,1.9093877091735763,127.24964876117915,1.490051013705552,174.59833749688465,2.4872565224036216,4.456,1.4218790697133457,2.1385333333333336,0.6185583609793824,2.288164389294939,0.6487976621064356,0.12054568976163864,0.03663465226825808,-1.579449596937952,1.273380035201947,2.4640294850541977e-05,3.15614452189242e-05,207.84816483429094,33.233096917803735,1045.9415363422684,134.30051991098193,148.69562862036014,30.640555387283474,-170.02638244628906,29.342851512886124,227.68913879394532,9.805015537896283,99.17303161621093,6.707062408320944,-8.347070980072022,9.957069778328991
Roar-Rumble,14,17.441251747572387,3.892890243984415,6.307704667840835,5.412116031810491,22.102121365438816,16.4545967039831,-0.04351619462797849,0.057685516314037025,81.5779492120976,0.9659735056977828,128.82255788568284,2.1431567203433604,174.04448322978405,9.345724557211472,3.873795918367347,0.5922665756295006,1.693896228134111,0.4380802742966386,1.8357142219002685,0.34011626983173926,0.10790259603943143,0.022452956365801535,0.41313653718981397,1.4331787709254686,1.9986221819375976e-05,1.2991333195254495e-05,225.62526665600134,41.49067068483865,955.2426633330612,195.7464891984964,192.45301324223402,19.757717474627853,-165.76329367501395,30.834870105449962,252.36017172677177,22.433385301464536,72.24414988926479,12.149487215027445,-49.74315166473389,23.78943376991775
Female-Chorus,4,12.29994628979188,7.312692762266625,6.6782341591801995,4.937650076455136,28.778007988799185,23.081818802191002,0.006267177864639079,0.004850563245342519,79.26813950031267,0.8208792930079721,124.1658103829854,0.8484353717999267,178.0784915990321,6.161954634916772,7.608,2.112289542442302,5.161890625,1.416765797724597,4.356505219887979,1.4069429893685956,0.07798447273671627,0.01369363496271238,3.6153809390405085,3.8565969650823257,5.384411906561581e-06,3.672057673835892e-06,161.64681771125103,9.55182748351987,985.5372104710532,75.10094597490098,121.27037206668336,30.199161216614623,-183.57873153686523,35.75942903776012,210.2966079711914,42.347128059821266,99.77074813842773,20.486356891432465,6.020129203796387,43.716796332825474
Caressing,7,15.152853631522456,8.71654688478517,6.04515509450659,7.1121254862261925,17.136810527889367,19.703341466091864,-0.03386433277099557,0.11191016641146119,76.31280096829668,1.7331309566607633,120.6732109398537,4.57699129073391,166.52318830594734,13.116204004788827,4.433142857142856,1.9094433898277572,2.2725089285714284,1.0314116042122627,2.105480912751932,0.7933491775472115,0.05406829555119787,0.028342170248179137,3.3686504876214114,2.7674505751314293,1.578212381251173e-05,1.1901671210862571e-05,322.2680821907223,95.35652462029601,1526.8979046347151,309.6960540070439,174.71006698146007,50.95605915315445,-234.9500950404576,52.57607759972408,218.43016706194197,26.844348713053535,84.34557615007672,15.720816705405586,-25.385071345738,31.192061794376926
Coalition,26,15.460031601194782,15.314300137386876,7.971264465996983,9.999276421434349,22.342816410641625,29.640526605184697,0.02275113019087953,0.3131042262469485,83.7258178650918,9.628817295034407,140.69524257073593,31.69826030251432,193.48469662003907,38.10873096462219,3.920615384615385,1.8328172413269128,2.010014423076923,1.4492234477199326,1.9933386966832125,1.0243428301206916,0.058444859101795234,0.0363886450294689,1.8182066377676236,2.4622298523854456,0.005742827794104135,0.013749109125546695,293.3953444532113,132.76573652323827,1395.9438945637635,332.1746508332515,267.0123574969661,267.07228218606093,-251.15792964054987,61.33521393979625,208.7968550461989,42.346612038212555,92.74545566852277,14.540498044803336,-3.4893365639906664,27.174442950741366
Cadenced-Rumble,17,12.478222170975375,9.126920868006215,4.612852140920137,7.149631799961568,14.394389596470099,21.77564629984101,-0.051523551162715064,0.15060422889290265,80.92944972811803,5.3953505599160385,127.11784882447215,8.151776441571963,179.5360651392109,18.253754913319902,3.8564257703081237,1.2441969661127952,1.6125366313191942,0.9869762186656854,1.799901490499596,0.5907122086311478,0.061332149924162555,0.0380897464766574,0.3128990539219321,2.5572201087570017,2.9117821320730454e-05,2.1293075248336446e-05,318.7473689334199,128.3953324801258,1472.8900650920923,519.197976591713,182.64730598377471,42.10419875630607,-248.17688437069162,74.19260440138285,227.1664742862477,32.96810173105041,100.89409816966338,10.222005686456205,-2.669628213433658,26.633749679177182
Estrous-Rumble,21,22.563222060690293,3.522669456167129,6.826755075823045,5.844443961753746,30.316399919177393,28.73660790870388,0.001541614873842542,0.03711396883039458,83.02580118891319,4.950129953107645,129.31795796189056,7.218816070779657,168.69590913258585,8.73880767823186,4.593516466904221,1.5407165288335496,1.3512629643127094,0.6500410506390782,1.9729613412925087,0.5151897489760222,0.083575208094858,0.037514151921374736,4.614544840037719,2.085913194179109,1.8597726000821457e-05,1.843430128969697e-05,203.05939684366552,32.30649477370791,895.7367757949617,138.1336468159875,188.72111809887224,30.753688651918804,-174.51737213134766,40.079469138727674,243.26959664481026,22.79393836509083,67.54469426472981,15.07245102812586,-52.304049446469264,19.956178394011218
Nasal-Trumpet,3,8.106366479239073,1.1011285379410427,2.6601763705929646,1.5213758817477465,7.6307983005350435,4.643592099468272,0.03765541939627704,0.06295758177897513,83.80807182961121,1.3862104890005007,133.7740359179815,3.5073187176752962,199.65248698685352,34.0012151532742,3.055111111111111,0.025141574442188307,2.338868055555556,0.9170683905613698,1.703342561953774,0.30915167274532357,0.05663553376992544,0.02962402058677397,2.602961970927179,1.8405720608133094,1.7417221897630952e-05,3.848523814893074e-07,293.0010449163115,63.295564905643324,1516.2071328870445,137.03691688043153,184.27385813672115,21.139947515282934,-227.24093627929688,8.771939286875353,192.7782745361328,45.14646332164953,93.55718231201172,2.185583160770749,7.559106190999349,28.99359978571875
Body-Axis-Pointing,6,9.985057935709237,13.090346732199704,4.957488033158106,6.201456077649411,13.864767802694152,15.908372423748785,0.03893489674342587,0.041482988579007056,76.2771207511153,2.4938172778649155,122.28492029015702,7.3340018456827,181.0091597461135,18.033185454740927,4.571555555555555,1.8632544474125023,2.464190972222222,2.2483925707301826,2.23574412556204,1.028300106975758,0.051372628659009933,0.015624204565732078,1.3865760703190697,1.2472547727909695,2.0024577376413315e-05,1.6590893705882193e-05,288.76957041490226,191.5275814084593,1383.027185171424,585.924770159277,186.92960799104551,127.42451396123832,-252.31702931722006,38.67216145031396,223.5246607462565,22.29852389303436,107.11180369059245,17.09070018118602,7.796505451202393,27.162977620754226
Lets-Go-Stance,21,22.138251614456095,17.803801947392905,12.649857977885832,14.915254025866513,31.580791601328738,33.11815367687145,-0.02452941053724223,0.16128134851736933,77.90191528396988,6.020674257627013,123.62473828474467,14.11279512800788,175.12821654266807,26.703492613839224,5.21231746031746,3.4877070384410778,2.3232837301587304,1.7765040764985538,2.5299726741034583,1.604324768413719,0.06751406290346668,0.03503723441746845,3.274885564736677,5.453891175508953,1.5822639614357503e-05,1.5442126317430635e-05,203.30534792249537,64.20488276550053,1115.3011826528416,245.8877606424902,157.34484120931407,79.27448750466024,-228.03323872884116,43.423476293321976,220.8772975376674,22.151059274344384,95.04348954700288,18.85653863027391,-7.356376156920478,34.04283574953668
Play-Trumpet,31,14.395951795473009,13.60501036218384,6.568634706418122,12.83799370250656,16.350626560533957,29.78463919804533,-0.007134360514393318,0.10610412517242168,82.6571710568183,3.193853475759332,132.08791204244912,5.722048986469779,183.2429735906231,11.397263393350592,3.8351549996342613,2.0032913945287354,1.9640327838124498,0.6316177430281316,1.9050438633578113,0.8811841370982542,0.0883185414056624,0.03911450964968987,2.1778038952784717,1.9091958397596198,1.673349388217884e-05,2.053411310020733e-05,213.90111833543645,48.897610780578546,1185.2460347565136,235.36382722977154,138.19114379161724,51.192455994647936,-200.6971445391255,41.84375745279577,216.31627630418348,20.406172221459112,98.90931357106855,7.204322983291874,2.551574445539905,20.13922044237905
High-Fiving,3,21.989411548952358,13.3327778980894,17.184377372564274,12.025598897770465,45.485184911506536,31.764276831339117,-0.10585383839757735,0.15728352995411954,79.87265716948914,4.710132072069924,121.25986508201424,3.381095981379463,159.98748230451417,2.4265757365245406,3.901333333333333,0.6556891765892557,1.9793055555555557,0.2078705932678422,2.044369692271542,0.2650278213939727,0.07622088119387627,0.024251341406497134,7.039252770080664,2.6475690016252904,1.5427334498478256e-05,7.252519617828833e-06,281.502362552806,35.16743025221123,1253.4166229215746,53.765704576582976,185.5759452022015,18.001565170185426,-181.91342163085938,16.31564264176489,212.89397684733072,14.35299363240928,55.04883829752604,17.771733542913523,-63.40118153889974,20.494367099226544
Movement-Initiation,12,15.754687229907207,15.419248251769956,5.564962738546847,6.513490111756003,21.09214834604578,26.383681862372033,-0.017345302206286686,0.030077676057875005,78.77507096555728,5.724480270921411,123.02643419796003,7.519833328164754,170.79886912191526,13.301141828086497,6.767222222222223,3.9645705183615703,2.904772569444445,2.2895563130839514,2.9912464117215154,1.6612955241569478,0.06714770135780175,0.029844782931851877,1.783070784068714,4.092608772842715,1.3598259613445407e-05,1.2806132137250203e-05,240.1519798079854,51.724843933669675,1241.730743465918,259.61464026988676,147.9810031287782,24.249402742800495,-226.58296839396158,56.04610667467162,230.96290588378906,19.687017263728073,103.31665166219075,15.001738670896735,-5.490402391801278,26.32321945434967
Female-Chorus-Rumble,11,19.249107638179137,8.027098919142164,4.893366285512664,5.494939821441282,20.513694944809252,21.731326504942302,0.0010130517828902377,0.02445331127794317,89.262283066305,14.244933905522002,152.82295386031143,35.30187130305668,203.64318019591127,39.52243442976907,3.929137909709338,2.192524498776707,2.146731949598021,1.707348790695634,2.029316294680628,1.3315990111176041,0.10488300093195656,0.03439632069584174,0.48853128107488075,2.3844106226755817,0.010191152261499652,0.01661937252432857,346.4657772217619,143.6493750737615,1317.920617504292,397.1277569764702,355.2905437625722,281.8909590343132,-194.6300936612216,69.11270476625015,196.40624722567472,40.153030484702825,81.7012051669034,17.955275935081623,-6.955250176516446,36.113830859559855
Chase,22,15.913205217187846,15.15042591981195,7.067732500419523,9.529226687908746,19.22804505513379,26.50502165457462,-0.24207352231709828,0.8900195912726889,81.84521537184023,6.379472510125005,134.22463080418603,17.838936260083617,186.50102817547804,24.452788066614445,3.714181818181818,1.341140690151683,2.13698106060606,1.0705918365100826,1.9247217887173553,0.721796462451763,0.052518754435533825,0.02938575709542361,2.718314724034148,3.086485344883443,0.0009442983647741956,0.004250763000223361,286.3983891021295,100.90725913607841,1493.6212636053576,349.81781656604704,166.5862557338499,130.55842956949135,-256.70287877863103,57.48568823404591,206.55883927778765,30.88268382495459,98.68327921087092,10.112024488345364,6.476947611028498,19.482983455719708
Dueling,5,17.88731190794172,13.671220091277664,5.724680045574282,5.449754398367872,17.465535899805086,18.11901530200402,0.11155876965013886,0.14476012402655886,83.19835932470767,1.720121049365012,131.33489386137785,6.407884821665481,179.69485854007834,10.392923465583909,3.7903999999999995,0.8508925092056118,2.018670833333333,1.1924671465309038,1.8258387946582908,0.49507076918961634,0.0817391738295555,0.04179093299683738,2.072202565326532,4.041792598660566,2.4131438476615585e-05,6.750641933536043e-06,188.1443216364963,102.7033636880787,1051.1867496866316,430.2536137730209,152.10529560869912,18.156295792315255,-197.25487060546874,72.97039385196433,230.89637756347656,4.599475882763643,100.7737548828125,9.822667654402078,-5.828900384902954,15.718893783341706
Baroo-Rumble,7,17.592161527121913,11.865885117706775,3.778427007093256,6.1850131147342715,15.488120445374705,24.383963137146292,-0.009744669116956482,0.016888661537362053,85.24402734847159,4.041859368826744,136.80954882224833,7.606025775930717,179.54373987600204,9.146352521895391,3.5505539358600586,0.8917046065708573,1.2964348275024296,0.45364532809199687,1.6241702029064389,0.3594634276223368,0.08920808402555329,0.035314793363065505,3.566643041349033,2.891330223464601,4.3638911457882e-05,1.8116532121223912e-05,265.5502185555454,108.83807337581844,1075.0836767945696,299.4418032716741,297.18637848885777,120.61041702462863,-175.47335924421037,40.927720803727055,231.7511749267578,27.50778131259014,60.75298173086984,27.16287885540162,-51.589358057294575,32.02068960804732
Protest-Trumpet,6,39.80232047195988,17.13808145144019,1.298365174027491,1.4287655484037494,4.218311868497691,4.879825802449202,0.016038389078864537,0.04662024972231363,81.1097079368184,0.28967880855600636,130.15645329287082,5.1473719357740615,183.41950307142622,9.306416294940025,2.552,0.3235799746585071,1.1371076388888888,0.3974322437478707,1.2912550303515131,0.15699315642635042,0.032400939924021564,0.008752215152238736,6.681708438537598,1.0923759111914784,1.8405825812806142e-05,1.0778868675651606e-05,366.2388762151367,56.55898518797804,1715.1790695793018,126.6560072168001,169.66709143709906,54.066184189767526,-290.5619354248047,22.08476007953948,207.07668813069662,15.64409853374468,84.77494812011719,0.5418767604261674,-15.110176086425781,11.795391784237395
Snort,6,17.196529171300757,12.983620534443611,8.195334719122043,7.724263437650479,21.308764133208058,16.405475116939165,-0.653961425138196,0.9037354535013851,75.61482100912558,2.630562019506346,120.42537414410053,1.1675883453180538,165.3405769913486,3.8085365993152713,3.2084444444444444,0.7245750393536347,1.2478194444444444,0.2986221877790574,1.6306958703968537,0.43538829161908266,0.10385802884896596,0.03998169030475793,2.5197185758341014,1.366390637893825,1.0871679933188716e-05,2.860411035603496e-06,268.5824449295555,71.53722305888519,1297.2676165467412,358.7179054986107,145.04361038868743,13.989869635792294,-183.81401570638022,39.12074466715849,218.17631022135416,11.692434870965913,98.34204355875652,5.392235158482013,-6.323148091634114,15.328449947969347
V8-Rumble,3,29.666278669067697,18.28286598116762,15.09645453602482,9.711456724979444,42.240108607450146,26.655253456752412,0.06765217544484615,0.1998110011796184,82.17946522370794,3.6813169443283456,132.31195641684383,12.448462257826742,194.69697805101995,41.221410355225004,2.756444444444444,0.16486432880881263,1.4737500000000001,0.4378962768802169,1.4345213664427172,0.20936837876686304,0.06640438362956047,0.030062298332744538,4.57419704884721,3.292723346161483,4.432011398118144e-05,2.7176251569039833e-05,386.3316365269664,75.33655831322139,1598.0461158488795,251.9818707332194,209.78950438934996,19.55389445485008,-234.37887573242188,54.57014709016289,179.93209838867188,25.219085927567917,72.59961827596028,24.061986114693784,-13.657313664754232,53.197415612407546
Group-Charge,10,21.420161866936464,19.871436460633117,8.556922450639245,7.252908757544349,21.898315316868477,18.224529261878764,0.06801516300632826,0.2523768905572683,77.40372635510866,3.8182028565705304,121.8886995573123,4.484584006010615,163.80619856033633,4.794832848722695,3.4629333333333334,0.9489551306568713,1.4911729166666665,0.7087845401177256,1.6392295888479171,0.43922542864766073,0.07120058611035347,0.031443749392666365,2.9354730700910623,2.327069770596479,0.0028252028053088905,0.005594462522784089,288.90626044173695,95.67787959791592,1301.042277091381,345.51736786345566,267.951164341264,127.32677619965725,-201.90653076171876,32.747756489563265,216.60174713134765,26.828133375850662,70.98298492431641,11.331299038707169,-43.142668914794925,12.877306554858327
Sneeze,5,19.29146911423492,13.595480534757296,8.199439661130796,7.020408790262527,19.16553087147758,16.16181187832963,-0.43823446041071384,0.3702971911963403,81.61621236779183,3.2245118148283223,132.70770412544746,4.229144640863666,195.31170472114243,8.335653903346659,2.5637333333333334,0.27057193744609453,1.1038791666666667,0.38871993037511376,1.2657298118576867,0.06716461688289477,0.0865285910665989,0.02922107520792264,-2.0307276500038434,5.229018016745205,2.5885125069180503e-05,4.194744245006844e-06,288.73437158959894,66.9034877327905,1456.6647338591843,229.6162526899822,157.04486858506547,32.78314973192029,-215.32915344238282,42.690217442752925,185.60482177734374,17.038102046614902,101.56425476074219,4.888637783915254,24.586366271972658,9.655769412513965
Kidnap,2,24.723279523213538,9.524288176845912,5.537093524500988,3.5808259799696978,26.63266699007254,14.766707127117517,0.04090876209349007,0.03064542525831641,77.22222223469619,4.115977234100171,124.40819960947064,1.868976930491236,170.3880914089503,2.1404115167272835,3.405333333333333,0.6773333333333331,2.2621458333333333,0.603625,1.8741410372686456,0.4914975913578352,0.03665854036808014,0.0009795762598514557,-0.9923892143496335,2.9630536328617065,2.5712273782119155e-05,7.756538252579048e-06,345.68119663459606,21.842146701071925,1570.8838710400983,22.380700979239577,187.82641059736048,19.17432182451452,-259.3505630493164,19.055931091308594,224.25060272216797,8.633644104003906,86.9633903503418,3.397418975830078,-20.832213401794434,6.693142890930176
Rev,3,0.0,0.0,0.0,0.0,0.0,0.0,0.0,0.0,77.94450150828307,0.4416490506402952,126.34267104598045,0.6637197365892114,178.2233509383217,1.5267789730079098,2.671111111111111,0.5155678159461723,1.0594305555555554,0.24084829966792812,1.239797670861334,0.18914791358302602,0.09169266372919083,0.01324223471976382,-0.47585637230391126,1.3659686443069399,1.172145978974489e-05,4.082631340183128e-06,211.42870771087783,43.77143821771557,1197.8147811897222,182.97936812368755,131.02103043551395,17.680028410724997,-196.09989420572916,21.744400434982648,215.01914978027344,3.719221343027396,106.0433578491211,0.7218295846314062,12.170452753702799,2.329625802300415
Little-Greeting,2,8.630715617974753,1.5679951574705289,1.2066589834733625,0.7767895863081761,3.1816513836444336,2.0820968810186975,0.01179837332987609,0.06356270445728868,81.18967095472587,3.4471442450282908,130.7381083957214,4.8679872091086125,186.39051759361246,6.426646894310792,3.933333333333333,0.8106666666666666,2.7006041666666665,1.9785416666666666,1.9163369235878949,0.31586332971078457,0.040193947963416576,0.01776308286935091,1.2086571841338882,0.16085294409188233,1.081112600331835e-05,6.023235300745e-06,247.300124876954,70.25708256026608,1459.6538549590389,262.0036460458134,120.63306505733021,19.043901234804622,-268.23439025878906,35.58021545410156,215.02094268798828,0.25028228759765625,109.8723373413086,2.152801513671875,16.824894905090332,0.7537832260131836
Solicit-Suckling,6,7.313852394123746,11.27460044715679,3.1763482754245254,4.7275075670454685,8.256437840487505,12.387529528609267,-0.02249229944902086,0.03437744535881197,84.39900696552841,1.624644544131947,136.55661500536442,1.1455118556150614,190.28059497092795,4.952322570671868,3.106666666666667,0.7388479520823592,1.3912708333333332,0.2121629738184558,1.6227219241037172,0.3709955602685814,0.07668522683282693,0.015462436825487749,-1.0718172307730274,1.2657585777588982,0.002797995018530249,0.006215004487125164,328.54672254610534,93.63368613510572,1476.6412651729918,133.75505651524247,240.9957913918491,166.87628534260773,-221.2008056640625,26.06544384112535,193.59410095214844,15.786834949561129,96.52114486694336,13.40452734484865,12.852832476298014,24.112389871025105
Escalated-Contest,6,31.75338495013132,27.511518780920596,11.089733328240134,12.312039015902721,29.39216920467781,33.504198705754554,-0.1373837374585529,0.3942196163468162,84.68474952224807,3.11629091397907,132.6421246554335,9.140072399545879,197.36412514013423,33.1093128915639,3.332444444444444,0.7885802213041476,1.7368090277777775,0.830076222708423,1.5863609751774117,0.42216418439488174,0.017481665398615103,0.013057664103385339,6.316321223869668,3.3343812199703557,0.00011416943683191978,4.557064484522183e-05,890.870827826155,174.23774959853233,2833.393266464955,498.0119503435384,1033.3533476238154,321.7370511572437,-390.31212361653644,85.01519820453773,199.68073018391928,37.15177834473756,75.57947731018066,15.915961905311955,-25.045548677444458,27.716285296005424
Bonding-Ceremony,5,23.344243582769224,7.989896886869804,14.665200675087041,11.958779631050731,49.05925622534547,38.4544442401693,-0.15908270179071232,0.22662721289334486,77.96789293303519,3.1324211637522543,122.57217244125282,3.3279266428401755,165.28415419240352,3.325944550785659,4.069866666666667,0.4618260182266815,1.5523041666666666,0.46964472750095304,1.8065604525917827,0.36701933096094347,0.08032076358795166,0.035037218658402834,2.626609374109301,1.6328409885927992,2.5074790255530387e-05,2.4835011340246337e-05,263.79696431312965,49.76464389903947,1236.3775417813436,178.99786685594322,183.21003978085744,54.15030798484347,-201.1066131591797,30.872090433573494,229.17694396972655,16.40357710827681,92.79602355957032,4.521933763938372,-21.026897525787355,9.823261925812197
Contact-Rumble,6,15.489843653732073,2.1365355511641217,2.740068890658394,2.328199092817882,10.706667149876822,9.408719603329445,-0.0046290484751457086,0.001830384519606965,85.16928316372564,1.6718609718530746,134.73529024242023,6.538227074454816,185.88996048038177,19.127677202528982,4.1192018140589575,0.14942290317826304,1.5576549744897958,0.19132799713924442,1.8934474670507437,0.15946042175571828,0.11730562523007393,0.045408170070850414,0.7285678627330077,2.2470074321818623,2.5125474621745525e-05,6.391690192260649e-06,211.39987699035842,11.076334891504551,1021.0215206005265,189.05924153972651,157.90951100018063,19.271704701703985,-187.68084716796875,54.297066929297024,226.69320424397787,22.96531526071387,99.67246627807617,8.658760324642856,-1.5010220209757488,28.337528601195846
Solicit-Food,3,19.293621434100086,10.517540213863766,0.6576059467990049,0.8452443812644008,1.912818757477057,2.453324160864772,-0.01592580271516985,0.021620969619824668,78.33946946419081,4.617290537649318,126.80436102180174,6.349428559371946,178.07523607845295,12.129679340716217,3.112,0.9892243126514538,1.4265555555555556,0.2735499238902097,1.5144821671564195,0.4525480496472073,0.08940531561772029,0.00812513801449748,0.5086928835629916,0.7143607381844785,1.1645085275328407e-05,7.086521494614713e-06,308.0063681733528,138.63498218700664,1402.253915470523,409.35349389696677,157.37111166646216,32.47815814753414,-196.55887858072916,37.070973132871806,212.28433227539062,10.062866996374389,96.69073232014973,13.447082069615135,-1.821824312210083,9.634559794575988
Estrous-Running-Rumble-Roar,2,61.070870253672425,14.814304841230296,13.455910537032233,10.58393962773234,30.204206875432483,20.161729477983663,-0.10670907860121412,0.1552847792247022,87.75219729527532,2.467363315574886,128.67899157614846,3.993791166918342,165.4010267335878,4.766108301342413,2.9736961451247166,0.10448979591836727,1.604172335600907,0.11231292517006808,1.5302634970548188,0.009377165161742584,0.13013693690299988,0.005073457956314087,12.195682528061235,0.4506534351202802,1.2358823369140737e-05,2.978365955641493e-06,259.68140453999695,32.13979392929403,1031.1079542014027,110.39355466791699,189.9115052409407,4.534938015638275,-149.1064682006836,5.929527282714844,186.35123443603516,11.933143615722656,19.593339443206787,3.8262696266174316,-90.9160041809082,2.3465919494628906
Squeal-Trumpet,2,26.54152671045557,7.443829960641439,8.983276667549859,7.911080215173385,23.173151474972776,19.656327989276402,-0.08919904762720092,0.10206531378837456,79.44923440832991,0.06019044326246359,125.0130673158439,2.430949030551467,177.68056799525078,0.38436806455892736,3.0533333333333337,0.3573333333333333,1.3906666666666667,0.4112708333333333,1.5352231318064966,0.3323114393854637,0.10491704940795898,0.007035486400127411,2.3172975187487923,0.8893607438652716,5.630109717458254e-05,2.9964962777739856e-05,436.1909146378455,209.48839755961083,1469.5748540723848,402.93247873629764,525.6852342206028,345.94890609560275,-196.80441284179688,7.1198272705078125,210.33063507080078,22.88538360595703,83.60308456420898,7.378055572509766,-20.75614070892334,2.722386360168457
